AAKTTGATACTTMTAAC	0.255355514867796
AKTTGATACTTMTAACC	0.11974647019151005
ASTGARGCTTTCGAGWA	0.6500640711727598
ATTTAAACGRGTRCGGG	-1.1963452373473535
CCTGCTGAAATWGTTRA	0.01675340685321226
CWCARGATGGTAATGCT	1.370962695524669
GGWAAAGTTAARCCACC	0.3935387165736375
GGYGGTTGGGACAAYAT	-0.6980024157826354
GTRATGGHGGTAGTTTG	0.04216725501469704
GYGGTTGGGACAAYATG	-0.8098542186817532
KTRATGTTGTTARACAA	0.4326617245366776
TRATGGHGGTAGTTTGT	0.029259854747284635
TTYTATGGYGGYTGGGA	-0.01627122551104042
WTGTTTTGGAAYTGYAA	-0.42733348627064777
